{"cameraMode":{"drawMode":0,"name":"Shaded","section":"Shading Mode"},"sceneLighting":true,"audioPlay":false,"sceneViewState":{"showFog":true,"showMaterialUpdate":false,"showSkybox":false,"showFlares":true,"showImageEffects":true,"showParticleSystems":true},"in2DMode":false,"pivot":{"x":3.768665075302124,"y":4.2460551261901859,"z":-5.015125274658203},"rotation":{"x":-0.19885912537574769,"y":0.3802950084209442,"z":-0.07730036973953247,"w":-0.9005159735679627},"size":2.933854103088379,"orthographic":false}